{
  "hash": "bd390d6a",
  "configHash": "6ca3a99a",
  "lockfileHash": "e8034725",
  "browserHash": "7944b7b9",
  "optimized": {
    "react": {
      "src": "../../node_modules/react/index.js",
      "file": "react.js",
      "fileHash": "a5e77feb",
      "needsInterop": true
    },
    "react-dom/client": {
      "src": "../../node_modules/react-dom/client.js",
      "file": "react-dom_client.js",
      "fileHash": "109fd78b",
      "needsInterop": true
    },
    "react-router-dom": {
      "src": "../../node_modules/react-router-dom/dist/index.js",
      "file": "react-router-dom.js",
      "fileHash": "98985459",
      "needsInterop": false
    }
  },
  "chunks": {
    "chunk-UWZXFKA6": {
      "file": "chunk-UWZXFKA6.js"
    },
    "chunk-UPDK7Z2H": {
      "file": "chunk-UPDK7Z2H.js"
    }
  }
}